run_id,mutation_scalar,use_ecm,valley_reaper,valley_capacity,slots_per_peak,seed,generations_run,final_peaks_colonized,time_to_blanket,per_peak_convergence,colonization_source,occupancy_distribution,extinction_gen,pre_extinction_peaks_colonized
s1.0_ecm0_top_fitness_vc200_sl10_03,1.0,0,top_fitness,200,10,1859246334,500,0,,{},{},"{""3"": 10, ""0"": 10, ""1"": 10, ""2"": 10, ""4"": 10}",250,0
s1.0_ecm0_top_fitness_vc200_sl10_00,1.0,0,top_fitness,200,10,2798237039,500,0,,{},{},"{""3"": 10, ""1"": 10, ""0"": 10, ""2"": 10}",250,0
s1.0_ecm0_top_fitness_vc200_sl10_01,1.0,0,top_fitness,200,10,1452574005,500,0,,{},{},"{""0"": 10, ""3"": 10, ""1"": 10, ""4"": 10, ""2"": 10}",250,0
s1.0_ecm0_top_fitness_vc200_sl10_02,1.0,0,top_fitness,200,10,31739773,500,0,,{},{},"{""3"": 10, ""4"": 10, ""1"": 10, ""2"": 10, ""0"": 10}",250,1
s1.0_ecm0_top_fitness_vc200_sl10_04,1.0,0,top_fitness,200,10,1185278457,500,0,,{},{},"{""3"": 10, ""2"": 10, ""1"": 10, ""0"": 10, ""4"": 10}",250,0
s1.0_ecm0_top_fitness_vc200_sl10_05,1.0,0,top_fitness,200,10,2568755484,500,0,,{},{},"{""3"": 10, ""2"": 10, ""1"": 10, ""0"": 10, ""4"": 10}",250,0
s1.0_ecm0_top_fitness_vc200_sl10_06,1.0,0,top_fitness,200,10,393423154,500,0,,{},{},"{""3"": 10, ""2"": 10, ""4"": 10, ""1"": 10, ""0"": 10}",250,1
s1.0_ecm1_top_fitness_vc200_sl10_00,1.0,1,top_fitness,200,10,1539021094,500,0,,{},{},"{""3"": 10, ""4"": 10, ""1"": 10, ""0"": 10, ""2"": 10}",250,0
s1.0_ecm1_top_fitness_vc200_sl10_02,1.0,1,top_fitness,200,10,2630884489,500,0,,{},{},"{""0"": 10, ""3"": 10, ""1"": 10, ""2"": 10, ""4"": 10}",250,0
s1.0_ecm1_top_fitness_vc200_sl10_04,1.0,1,top_fitness,200,10,791103370,500,0,,{},{},"{""3"": 10, ""1"": 10, ""2"": 10, ""4"": 10, ""0"": 10}",250,0
s1.0_ecm1_top_fitness_vc200_sl10_01,1.0,1,top_fitness,200,10,2054898212,500,0,,{},{},"{""0"": 10, ""3"": 10, ""1"": 10, ""4"": 10, ""2"": 10}",250,1
s1.0_ecm1_top_fitness_vc200_sl10_03,1.0,1,top_fitness,200,10,3347769623,500,0,,{},{},"{""0"": 10, ""3"": 10, ""1"": 10, ""2"": 10, ""4"": 10}",250,1
s1.0_ecm0_top_fitness_vc200_sl10_07,1.0,0,top_fitness,200,10,2192311881,500,0,,{},{},"{""3"": 10, ""1"": 10, ""0"": 10, ""2"": 10, ""4"": 10}",250,0
s1.0_ecm1_top_fitness_vc200_sl10_05,1.0,1,top_fitness,200,10,3803136540,500,0,,{},{},"{""3"": 10, ""4"": 10, ""2"": 10, ""1"": 10, ""0"": 10}",250,1
s1.0_ecm0_top_fitness_vc200_sl10_08,1.0,0,top_fitness,200,10,346485725,500,0,,{},{},"{""3"": 10, ""0"": 10, ""1"": 10, ""2"": 10, ""4"": 10}",250,0
s1.0_ecm0_top_fitness_vc200_sl10_09,1.0,0,top_fitness,200,10,1103451904,500,1,,"{""0"": 471}","{""0"": ""valley""}","{""3"": 10, ""2"": 10, ""4"": 10, ""0"": 10, ""1"": 10}",250,0
s1.0_ecm0_top_fitness_vc200_sl10_10,1.0,0,top_fitness,200,10,827647212,500,0,,{},{},"{""3"": 10, ""0"": 10, ""1"": 10, ""4"": 10, ""2"": 10}",250,1
s1.0_ecm1_top_fitness_vc200_sl10_06,1.0,1,top_fitness,200,10,2067144928,500,0,,{},{},"{""3"": 10, ""1"": 10, ""0"": 10, ""2"": 10}",250,0
s1.0_ecm0_top_fitness_vc200_sl10_11,1.0,0,top_fitness,200,10,3838297667,500,0,,{},{},"{""3"": 10, ""1"": 10, ""0"": 10, ""2"": 10, ""4"": 10}",250,0
s1.0_ecm1_top_fitness_vc200_sl10_07,1.0,1,top_fitness,200,10,867427826,500,0,,{},{},"{""3"": 10, ""0"": 10, ""1"": 10, ""2"": 10, ""4"": 10}",250,0
s1.0_ecm0_top_fitness_vc200_sl10_12,1.0,0,top_fitness,200,10,3362797139,500,0,,{},{},"{""3"": 10, ""1"": 10, ""0"": 10, ""2"": 10, ""4"": 10}",250,0
s1.0_ecm0_top_fitness_vc200_sl10_13,1.0,0,top_fitness,200,10,612155240,500,0,,{},{},"{""3"": 10, ""0"": 10, ""1"": 10, ""2"": 10, ""4"": 10}",250,0
s1.0_ecm0_top_fitness_vc200_sl10_14,1.0,0,top_fitness,200,10,199369372,500,0,,{},{},"{""3"": 10, ""1"": 10, ""0"": 10, ""2"": 10, ""4"": 10}",250,0
s1.0_ecm1_top_fitness_vc200_sl10_08,1.0,1,top_fitness,200,10,3705529109,500,0,,{},{},"{""1"": 10, ""3"": 10, ""0"": 10, ""2"": 10, ""4"": 10}",250,0
s1.0_ecm0_top_fitness_vc200_sl10_15,1.0,0,top_fitness,200,10,1524424374,500,0,,{},{},"{""3"": 10, ""2"": 10, ""1"": 10, ""0"": 10, ""4"": 10}",250,0
s1.0_ecm1_top_fitness_vc200_sl10_09,1.0,1,top_fitness,200,10,1531513205,500,0,,{},{},"{""3"": 10, ""1"": 10, ""0"": 10, ""2"": 10, ""4"": 10}",250,0
s1.0_ecm1_top_fitness_vc200_sl10_11,1.0,1,top_fitness,200,10,2394270540,500,1,,"{""0"": 427}","{""0"": ""valley""}","{""0"": 10, ""3"": 10, ""1"": 10, ""2"": 10, ""4"": 10}",250,0
s1.0_ecm1_top_fitness_vc200_sl10_10,1.0,1,top_fitness,200,10,4044639482,500,0,,{},{},"{""3"": 10, ""2"": 10, ""4"": 10, ""0"": 10, ""1"": 10}",250,1
s1.0_ecm0_top_fitness_vc200_sl10_16,1.0,0,top_fitness,200,10,2352530293,500,0,,{},{},"{""3"": 10, ""2"": 10, ""1"": 10, ""0"": 10, ""4"": 10}",250,0
s1.0_ecm0_top_fitness_vc200_sl10_17,1.0,0,top_fitness,200,10,1252102648,500,0,,{},{},"{""2"": 10, ""0"": 10, ""3"": 10, ""1"": 10, ""4"": 10}",250,1
s1.0_ecm1_top_fitness_vc200_sl10_13,1.0,1,top_fitness,200,10,2105060248,500,0,,{},{},"{""3"": 10, ""0"": 10, ""1"": 10, ""2"": 10, ""4"": 10}",250,1
s1.0_ecm1_top_fitness_vc200_sl10_12,1.0,1,top_fitness,200,10,2443967394,500,0,,{},{},"{""3"": 10, ""0"": 10, ""1"": 10, ""2"": 10}",250,1
s1.0_ecm1_top_fitness_vc200_sl10_14,1.0,1,top_fitness,200,10,816267067,500,0,,{},{},"{""3"": 10, ""1"": 10, ""4"": 10, ""2"": 10, ""0"": 10}",250,1
s1.0_ecm0_top_fitness_vc200_sl10_18,1.0,0,top_fitness,200,10,2435340472,500,0,,{},{},"{""3"": 10, ""2"": 10, ""1"": 10, ""0"": 10, ""4"": 10}",250,0
s1.0_ecm0_top_fitness_vc200_sl10_19,1.0,0,top_fitness,200,10,1534292923,500,1,,"{""0"": 464}","{""0"": ""valley""}","{""3"": 10, ""1"": 10, ""0"": 10, ""4"": 10, ""2"": 10}",250,0
s1.0_ecm1_top_fitness_vc200_sl10_17,1.0,1,top_fitness,200,10,1590391860,500,0,,{},{},"{""0"": 10, ""1"": 10, ""3"": 10, ""2"": 10, ""4"": 10}",250,1
s1.0_ecm1_top_fitness_vc200_sl10_15,1.0,1,top_fitness,200,10,1184671185,500,1,,"{""2"": 425}","{""2"": ""valley""}","{""1"": 10, ""2"": 10, ""3"": 10, ""0"": 10, ""4"": 10}",250,0
s1.0_ecm1_top_fitness_vc200_sl10_16,1.0,1,top_fitness,200,10,3847267777,500,0,,{},{},"{""1"": 10, ""3"": 10, ""0"": 10, ""2"": 10, ""4"": 10}",250,1
s1.0_ecm1_top_fitness_vc200_sl10_18,1.0,1,top_fitness,200,10,947773996,500,0,,{},{},"{""3"": 10, ""0"": 10, ""1"": 10, ""4"": 10, ""2"": 10}",250,0
s1.0_ecm1_top_fitness_vc200_sl10_19,1.0,1,top_fitness,200,10,2123702648,500,0,,{},{},"{""3"": 10, ""1"": 10, ""0"": 10, ""2"": 10, ""4"": 10}",250,0
s0.5_ecm0_top_fitness_vc200_sl10_01,0.5,0,top_fitness,200,10,519564556,500,0,,{},{},"{""3"": 10, ""0"": 10, ""1"": 10, ""2"": 10, ""4"": 10}",250,0
s0.5_ecm0_top_fitness_vc200_sl10_00,0.5,0,top_fitness,200,10,1654239700,500,1,,"{""0"": 470}","{""0"": ""in_situ""}","{""3"": 10, ""4"": 10, ""0"": 10, ""1"": 10, ""2"": 10}",250,0
s0.5_ecm0_top_fitness_vc200_sl10_03,0.5,0,top_fitness,200,10,3746591540,500,0,,{},{},"{""3"": 10, ""4"": 10, ""2"": 10, ""1"": 10, ""0"": 10}",250,1
s0.5_ecm0_top_fitness_vc200_sl10_02,0.5,0,top_fitness,200,10,3363640312,500,0,,{},{},"{""3"": 10, ""1"": 10, ""0"": 10, ""2"": 10}",250,0
s0.5_ecm0_top_fitness_vc200_sl10_04,0.5,0,top_fitness,200,10,597154218,500,0,,{},{},"{""3"": 10, ""1"": 10, ""0"": 10, ""4"": 10, ""2"": 10}",250,1
s0.5_ecm0_top_fitness_vc200_sl10_05,0.5,0,top_fitness,200,10,2840003069,500,0,,{},{},"{""0"": 10, ""3"": 10, ""1"": 10, ""4"": 10, ""2"": 10}",250,1
s0.5_ecm0_top_fitness_vc200_sl10_06,0.5,0,top_fitness,200,10,3437059578,500,0,,{},{},"{""3"": 10, ""4"": 10, ""1"": 10, ""0"": 10, ""2"": 10}",250,0
s0.5_ecm1_top_fitness_vc200_sl10_03,0.5,1,top_fitness,200,10,3795121732,500,0,,{},{},"{""3"": 10, ""0"": 10, ""1"": 10, ""2"": 10}",250,0
s0.5_ecm1_top_fitness_vc200_sl10_02,0.5,1,top_fitness,200,10,456617161,500,0,,{},{},"{""0"": 10, ""3"": 10, ""1"": 10, ""2"": 10, ""4"": 10}",250,1
s0.5_ecm1_top_fitness_vc200_sl10_00,0.5,1,top_fitness,200,10,2802372092,500,1,,"{""3"": 451}","{""3"": ""in_situ""}","{""3"": 10, ""1"": 10, ""0"": 10, ""2"": 10, ""4"": 10}",250,1
s0.5_ecm1_top_fitness_vc200_sl10_01,0.5,1,top_fitness,200,10,3999235960,500,0,,{},{},"{""3"": 10, ""4"": 10, ""1"": 10, ""2"": 10, ""0"": 10}",250,1
s0.5_ecm0_top_fitness_vc200_sl10_07,0.5,0,top_fitness,200,10,1455119870,500,0,,{},{},"{""3"": 10, ""0"": 10, ""1"": 10, ""2"": 10, ""4"": 10}",250,0
s0.5_ecm1_top_fitness_vc200_sl10_04,0.5,1,top_fitness,200,10,4124115284,500,0,,{},{},"{""3"": 10, ""0"": 10, ""1"": 10, ""4"": 10, ""2"": 10}",250,0
s0.5_ecm1_top_fitness_vc200_sl10_05,0.5,1,top_fitness,200,10,2683555097,500,1,,"{""3"": 440}","{""3"": ""valley""}","{""3"": 10, ""2"": 10, ""1"": 10, ""4"": 10, ""0"": 10}",250,1
s0.5_ecm0_top_fitness_vc200_sl10_08,0.5,0,top_fitness,200,10,2619657086,500,0,,{},{},"{""3"": 10, ""0"": 10, ""1"": 10, ""4"": 10, ""2"": 10}",250,1
s0.5_ecm0_top_fitness_vc200_sl10_09,0.5,0,top_fitness,200,10,2746049199,500,0,,{},{},"{""3"": 10, ""0"": 10, ""1"": 10, ""2"": 10, ""4"": 10}",250,1
s0.5_ecm1_top_fitness_vc200_sl10_06,0.5,1,top_fitness,200,10,2436021044,500,0,,{},{},"{""3"": 10, ""0"": 10, ""1"": 10, ""4"": 10, ""2"": 10}",250,0
s0.5_ecm0_top_fitness_vc200_sl10_10,0.5,0,top_fitness,200,10,15864701,500,0,,{},{},"{""3"": 10, ""0"": 10, ""1"": 10, ""2"": 10, ""4"": 10}",250,0
s0.5_ecm0_top_fitness_vc200_sl10_11,0.5,0,top_fitness,200,10,1202037139,500,0,,{},{},"{""3"": 10, ""2"": 10, ""1"": 10, ""0"": 10, ""4"": 10}",250,1
s0.5_ecm0_top_fitness_vc200_sl10_12,0.5,0,top_fitness,200,10,2501022229,500,0,,{},{},"{""3"": 10, ""4"": 10, ""2"": 10, ""0"": 10, ""1"": 10}",250,0
s0.5_ecm1_top_fitness_vc200_sl10_07,0.5,1,top_fitness,200,10,2847260397,500,1,,"{""3"": 444}","{""3"": ""in_situ""}","{""3"": 10, ""0"": 10, ""1"": 10, ""4"": 10, ""2"": 10}",250,1
s0.5_ecm1_top_fitness_vc200_sl10_08,0.5,1,top_fitness,200,10,2850642634,500,0,,{},{},"{""3"": 10, ""0"": 10, ""1"": 10, ""4"": 10, ""2"": 10}",250,1
s0.5_ecm1_top_fitness_vc200_sl10_09,0.5,1,top_fitness,200,10,2398627918,500,1,,"{""4"": 476}","{""4"": ""valley""}","{""3"": 10, ""0"": 10, ""1"": 10, ""4"": 10, ""2"": 10}",250,1
s0.5_ecm1_top_fitness_vc200_sl10_10,0.5,1,top_fitness,200,10,3041847452,500,0,,{},{},"{""3"": 10, ""0"": 10, ""4"": 10, ""2"": 10, ""1"": 10}",250,0
s0.5_ecm0_top_fitness_vc200_sl10_13,0.5,0,top_fitness,200,10,2523584842,500,0,,{},{},"{""3"": 10, ""0"": 10, ""1"": 10, ""2"": 10, ""4"": 10}",250,1
s0.5_ecm0_top_fitness_vc200_sl10_14,0.5,0,top_fitness,200,10,1718518017,500,0,,{},{},"{""3"": 10, ""1"": 10, ""2"": 10, ""0"": 10, ""4"": 10}",250,0
s0.5_ecm0_top_fitness_vc200_sl10_15,0.5,0,top_fitness,200,10,1288131866,500,1,,"{""4"": 455}","{""4"": ""in_situ""}","{""3"": 10, ""1"": 10, ""0"": 10, ""2"": 10, ""4"": 10}",250,1
s0.5_ecm1_top_fitness_vc200_sl10_12,0.5,1,top_fitness,200,10,3050641335,500,1,,"{""3"": 460}","{""3"": ""valley""}","{""3"": 10, ""0"": 10, ""1"": 10, ""2"": 10, ""4"": 10}",250,1
s0.5_ecm0_top_fitness_vc200_sl10_16,0.5,0,top_fitness,200,10,3219222497,500,1,,"{""0"": 393}","{""0"": ""valley""}","{""3"": 10, ""0"": 10, ""1"": 10, ""4"": 10, ""2"": 10}",250,1
s0.5_ecm1_top_fitness_vc200_sl10_11,0.5,1,top_fitness,200,10,2907932097,500,0,,{},{},"{""3"": 10, ""2"": 10, ""1"": 10, ""0"": 10, ""4"": 10}",250,1
s0.5_ecm1_top_fitness_vc200_sl10_13,0.5,1,top_fitness,200,10,2660308068,500,0,,{},{},"{""3"": 10, ""0"": 10, ""1"": 10, ""2"": 10}",250,0
s0.5_ecm0_top_fitness_vc200_sl10_17,0.5,0,top_fitness,200,10,1337573619,500,0,,{},{},"{""3"": 10, ""1"": 10, ""0"": 10, ""2"": 10, ""4"": 10}",250,0
s0.5_ecm0_top_fitness_vc200_sl10_18,0.5,0,top_fitness,200,10,359973588,500,0,,{},{},"{""3"": 10, ""0"": 10, ""1"": 10, ""4"": 10, ""2"": 10}",250,1
s0.5_ecm1_top_fitness_vc200_sl10_14,0.5,1,top_fitness,200,10,4240007392,500,0,,{},{},"{""1"": 10, ""3"": 10, ""0"": 10, ""4"": 10, ""2"": 10}",250,0
s0.5_ecm1_top_fitness_vc200_sl10_16,0.5,1,top_fitness,200,10,3875048321,500,1,,"{""0"": 392}","{""0"": ""valley""}","{""3"": 10, ""1"": 10, ""0"": 10, ""2"": 10, ""4"": 10}",250,0
s0.5_ecm0_top_fitness_vc200_sl10_19,0.5,0,top_fitness,200,10,912516671,500,0,,{},{},"{""3"": 10, ""0"": 10, ""1"": 10, ""2"": 10, ""4"": 10}",250,1
s0.5_ecm1_top_fitness_vc200_sl10_15,0.5,1,top_fitness,200,10,292693018,500,0,,{},{},"{""3"": 10, ""4"": 10, ""2"": 10, ""1"": 10, ""0"": 10}",250,0
s0.5_ecm1_top_fitness_vc200_sl10_17,0.5,1,top_fitness,200,10,126328559,500,1,,"{""0"": 420}","{""0"": ""in_situ""}","{""3"": 10, ""0"": 10, ""1"": 10, ""4"": 10, ""2"": 10}",250,2
s0.5_ecm1_top_fitness_vc200_sl10_18,0.5,1,top_fitness,200,10,2803249724,500,0,,{},{},"{""3"": 10, ""2"": 10, ""1"": 10, ""4"": 10, ""0"": 10}",250,0
s0.5_ecm1_top_fitness_vc200_sl10_19,0.5,1,top_fitness,200,10,4096689825,500,1,,"{""3"": 492}","{""3"": ""valley""}","{""3"": 10, ""0"": 10, ""2"": 10, ""4"": 10, ""1"": 10}",250,1
